,frame,match_strength
16_44_stavros.wav 17_00_dp.wav,2169,248
16_44_stavros.wav 17_00_fil.wav,2287,223
16_44_stavros.wav 17_00_giorgos.wav,2465,320
16_44_stavros.wav 17_00_nikos.wav,2619,240
16_44_stavros.wav 17_00_stavros.wav,1897,240
16_44_stavros.wav 17_10_dp.wav,2157,232
16_44_stavros.wav 17_10_fil.wav,2005,230
16_44_stavros.wav 17_10_giorgos.wav,1770,253
16_44_stavros.wav 17_10_nikos.wav,3300,252
16_44_stavros.wav 17_10_stavros.wav,2356,246
16_44_stavros.wav 17_20_dp.wav,3366,234
16_44_stavros.wav 17_20_giorgos.wav,2315,204
16_44_stavros.wav 17_20_nikos.wav,3092,249
16_44_stavros.wav 17_20_stavros.wav,2084,232
16_44_stavros.wav 17_30_dp.wav,1966,197
16_44_stavros.wav 17_30_fil.wav,1469,246
16_44_stavros.wav 17_30_giorgos.wav,2594,232
16_44_stavros.wav 17_30_nikos.wav,2165,203
16_44_stavros.wav 17_30_stavros.wav,1935,212
16_44_stavros.wav 17_40_dp.wav,2351,256
16_44_stavros.wav 17_40_fil.wav,2199,264
16_44_stavros.wav 17_40_giorgos.wav,2343,362
16_44_stavros.wav 17_40_nikos.wav,1463,204
16_44_stavros.wav 17_40_stavros.wav,2164,202
16_44_stavros.wav 18_10_dp.wav,2530,238
16_44_stavros.wav 18_10_fil.wav,1743,204
16_44_stavros.wav 18_10_giorgos.wav,3018,269
16_44_stavros.wav 18_10_stavros.wav,688,177
16_44_stavros.wav 18_20_dp.wav,2345,258
16_44_stavros.wav 18_20_fil.wav,2796,202
16_44_stavros.wav 18_20_giorgos.wav,1753,280
16_44_stavros.wav 18_20_nikos.wav,2142,218
16_44_stavros.wav 18_20_stavros.wav,1329,252
16_44_stavros.wav 18_30_dp.wav,2551,348
16_44_stavros.wav 18_30_fil.wav,2403,237
16_44_stavros.wav 18_30_giorgos.wav,2182,260
16_44_stavros.wav 18_30_nikos.wav,2260,230
16_44_stavros.wav 18_30_stavros.wav,1701,242
16_44_stavros.wav 18_40_dp.wav,2876,225
16_44_stavros.wav 18_40_fil.wav,2009,274
16_44_stavros.wav 18_40_giorgos.wav,2027,244
16_44_stavros.wav 18_40_nikos.wav,2903,220
16_44_stavros.wav 18_40_stavros.wav,1989,250
16_44_stavros.wav 18_50_dp.wav,2841,232
16_44_stavros.wav 18_50_fil.wav,2403,263
16_44_stavros.wav 18_50_giorgos.wav,8152,282
16_44_stavros.wav 18_50_nikos.wav,3123,194
16_44_stavros.wav 18_50_stavros.wav,1985,164
16_44_stavros.wav 18_58_stavros.wav,2117,248
17_00_dp.wav 17_00_fil.wav,2004,635
17_00_dp.wav 17_00_giorgos.wav,3652,1167
17_00_dp.wav 17_00_nikos.wav,1598,575
17_00_dp.wav 17_00_stavros.wav,1566,549
17_00_dp.wav 17_10_dp.wav,2734,289
17_00_dp.wav 17_10_fil.wav,2646,254
17_00_dp.wav 17_10_giorgos.wav,3370,295
17_00_dp.wav 17_10_nikos.wav,2262,241
17_00_dp.wav 17_10_stavros.wav,1452,237
17_00_dp.wav 17_20_dp.wav,2913,310
17_00_dp.wav 17_20_giorgos.wav,2766,269
17_00_dp.wav 17_20_nikos.wav,2685,320
17_00_dp.wav 17_20_stavros.wav,2904,245
17_00_dp.wav 17_30_dp.wav,3084,240
17_00_dp.wav 17_30_fil.wav,2806,229
17_00_dp.wav 17_30_giorgos.wav,2395,216
17_00_dp.wav 17_30_nikos.wav,2851,273
17_00_dp.wav 17_30_stavros.wav,2389,219
17_00_dp.wav 17_40_dp.wav,2878,261
17_00_dp.wav 17_40_fil.wav,3539,227
17_00_dp.wav 17_40_giorgos.wav,3608,279
17_00_dp.wav 17_40_nikos.wav,3046,269
17_00_dp.wav 17_40_stavros.wav,3067,204
17_00_dp.wav 18_10_dp.wav,2115,254
17_00_dp.wav 18_10_fil.wav,2727,183
17_00_dp.wav 18_10_giorgos.wav,3925,339
17_00_dp.wav 18_10_stavros.wav,2354,339
17_00_dp.wav 18_20_dp.wav,2054,245
17_00_dp.wav 18_20_fil.wav,1399,206
17_00_dp.wav 18_20_giorgos.wav,3354,280
17_00_dp.wav 18_20_nikos.wav,2953,324
17_00_dp.wav 18_20_stavros.wav,3702,212
17_00_dp.wav 18_30_dp.wav,2033,262
17_00_dp.wav 18_30_fil.wav,2430,301
17_00_dp.wav 18_30_giorgos.wav,2693,308
17_00_dp.wav 18_30_nikos.wav,2892,231
17_00_dp.wav 18_30_stavros.wav,4048,223
17_00_dp.wav 18_40_dp.wav,2610,237
17_00_dp.wav 18_40_fil.wav,3200,270
17_00_dp.wav 18_40_giorgos.wav,3153,263
17_00_dp.wav 18_40_nikos.wav,2149,320
17_00_dp.wav 18_40_stavros.wav,3659,245
17_00_dp.wav 18_50_dp.wav,2964,258
17_00_dp.wav 18_50_fil.wav,1701,240
17_00_dp.wav 18_50_giorgos.wav,8648,397
17_00_dp.wav 18_50_nikos.wav,2320,291
17_00_dp.wav 18_50_stavros.wav,2347,234
17_00_dp.wav 18_58_stavros.wav,2947,268
17_00_fil.wav 17_00_giorgos.wav,3927,599
17_00_fil.wav 17_00_nikos.wav,1873,502
17_00_fil.wav 17_00_stavros.wav,1841,700
17_00_fil.wav 17_10_dp.wav,2461,255
17_00_fil.wav 17_10_fil.wav,1905,194
17_00_fil.wav 17_10_giorgos.wav,1415,264
17_00_fil.wav 17_10_nikos.wav,2306,241
17_00_fil.wav 17_10_stavros.wav,1728,217
17_00_fil.wav 17_20_dp.wav,3159,227
17_00_fil.wav 17_20_giorgos.wav,2110,253
17_00_fil.wav 17_20_nikos.wav,3081,245
17_00_fil.wav 17_20_stavros.wav,2909,230
17_00_fil.wav 17_30_dp.wav,2428,217
17_00_fil.wav 17_30_fil.wav,1712,273
17_00_fil.wav 17_30_giorgos.wav,2825,253
17_00_fil.wav 17_30_nikos.wav,2202,247
17_00_fil.wav 17_30_stavros.wav,1156,195
17_00_fil.wav 17_40_dp.wav,2389,267
17_00_fil.wav 17_40_fil.wav,1462,205
17_00_fil.wav 17_40_giorgos.wav,2188,255
17_00_fil.wav 17_40_nikos.wav,2509,194
17_00_fil.wav 17_40_stavros.wav,2417,233
17_00_fil.wav 18_10_dp.wav,1694,193
17_00_fil.wav 18_10_fil.wav,1688,215
17_00_fil.wav 18_10_giorgos.wav,2326,199
17_00_fil.wav 18_10_stavros.wav,2207,177
17_00_fil.wav 18_20_dp.wav,1460,191
17_00_fil.wav 18_20_fil.wav,2214,193
17_00_fil.wav 18_20_giorgos.wav,2705,247
17_00_fil.wav 18_20_nikos.wav,1864,251
17_00_fil.wav 18_20_stavros.wav,1540,203
17_00_fil.wav 18_30_dp.wav,2900,243
17_00_fil.wav 18_30_fil.wav,2436,225
17_00_fil.wav 18_30_giorgos.wav,3041,233
17_00_fil.wav 18_30_nikos.wav,2385,285
17_00_fil.wav 18_30_stavros.wav,1299,196
17_00_fil.wav 18_40_dp.wav,1992,251
17_00_fil.wav 18_40_fil.wav,2481,205
17_00_fil.wav 18_40_giorgos.wav,1269,236
17_00_fil.wav 18_40_nikos.wav,1968,291
17_00_fil.wav 18_40_stavros.wav,2178,215
17_00_fil.wav 18_50_dp.wav,1713,246
17_00_fil.wav 18_50_fil.wav,1750,251
17_00_fil.wav 18_50_giorgos.wav,5143,297
17_00_fil.wav 18_50_nikos.wav,2172,273
17_00_fil.wav 18_50_stavros.wav,1725,210
17_00_fil.wav 18_58_stavros.wav,1430,221
17_00_giorgos.wav 17_00_nikos.wav,1766,503
17_00_giorgos.wav 17_00_stavros.wav,1734,691
17_00_giorgos.wav 17_10_dp.wav,3516,351
17_00_giorgos.wav 17_10_fil.wav,1374,253
17_00_giorgos.wav 17_10_giorgos.wav,4246,258
17_00_giorgos.wav 17_10_nikos.wav,2161,248
17_00_giorgos.wav 17_10_stavros.wav,3594,255
17_00_giorgos.wav 17_20_dp.wav,3309,299
17_00_giorgos.wav 17_20_giorgos.wav,3169,375
17_00_giorgos.wav 17_20_nikos.wav,2897,286
17_00_giorgos.wav 17_20_stavros.wav,2673,285
17_00_giorgos.wav 17_30_dp.wav,3252,258
17_00_giorgos.wav 17_30_fil.wav,1721,264
17_00_giorgos.wav 17_30_giorgos.wav,2923,320
17_00_giorgos.wav 17_30_nikos.wav,3291,281
17_00_giorgos.wav 17_30_stavros.wav,3260,283
17_00_giorgos.wav 17_40_dp.wav,3170,298
17_00_giorgos.wav 17_40_fil.wav,2439,282
17_00_giorgos.wav 17_40_giorgos.wav,4014,318
17_00_giorgos.wav 17_40_nikos.wav,1684,231
17_00_giorgos.wav 17_40_stavros.wav,3777,222
17_00_giorgos.wav 18_10_dp.wav,3150,299
17_00_giorgos.wav 18_10_fil.wav,2746,283
17_00_giorgos.wav 18_10_giorgos.wav,1823,370
17_00_giorgos.wav 18_10_stavros.wav,1830,265
17_00_giorgos.wav 18_20_dp.wav,2826,280
17_00_giorgos.wav 18_20_fil.wav,1640,253
17_00_giorgos.wav 18_20_giorgos.wav,3055,276
17_00_giorgos.wav 18_20_nikos.wav,3231,286
17_00_giorgos.wav 18_20_stavros.wav,2048,242
17_00_giorgos.wav 18_30_dp.wav,3591,317
17_00_giorgos.wav 18_30_fil.wav,2324,243
17_00_giorgos.wav 18_30_giorgos.wav,2427,306
17_00_giorgos.wav 18_30_nikos.wav,2431,244
17_00_giorgos.wav 18_30_stavros.wav,2117,217
17_00_giorgos.wav 18_40_dp.wav,3510,330
17_00_giorgos.wav 18_40_fil.wav,2395,274
17_00_giorgos.wav 18_40_giorgos.wav,3462,280
17_00_giorgos.wav 18_40_nikos.wav,3161,320
17_00_giorgos.wav 18_40_stavros.wav,1872,265
17_00_giorgos.wav 18_50_dp.wav,3912,283
17_00_giorgos.wav 18_50_fil.wav,2245,235
17_00_giorgos.wav 18_50_giorgos.wav,4698,342
17_00_giorgos.wav 18_50_nikos.wav,2569,314
17_00_giorgos.wav 18_50_stavros.wav,2783,248
17_00_giorgos.wav 18_58_stavros.wav,3357,222
17_00_nikos.wav 17_00_stavros.wav,2744,580
17_00_nikos.wav 17_10_dp.wav,2586,317
17_00_nikos.wav 17_10_fil.wav,1725,228
17_00_nikos.wav 17_10_giorgos.wav,2092,339
17_00_nikos.wav 17_10_nikos.wav,2750,275
17_00_nikos.wav 17_10_stavros.wav,1788,307
17_00_nikos.wav 17_20_dp.wav,2830,276
17_00_nikos.wav 17_20_giorgos.wav,2983,285
17_00_nikos.wav 17_20_nikos.wav,2437,212
17_00_nikos.wav 17_20_stavros.wav,1783,230
17_00_nikos.wav 17_30_dp.wav,2856,266
17_00_nikos.wav 17_30_fil.wav,2502,257
17_00_nikos.wav 17_30_giorgos.wav,1768,295
17_00_nikos.wav 17_30_nikos.wav,2328,289
17_00_nikos.wav 17_30_stavros.wav,2175,229
17_00_nikos.wav 17_40_dp.wav,3135,252
17_00_nikos.wav 17_40_fil.wav,2600,190
17_00_nikos.wav 17_40_giorgos.wav,3082,270
17_00_nikos.wav 17_40_nikos.wav,2792,268
17_00_nikos.wav 17_40_stavros.wav,2191,278
17_00_nikos.wav 18_10_dp.wav,3343,247
17_00_nikos.wav 18_10_fil.wav,1467,216
17_00_nikos.wav 18_10_giorgos.wav,3290,345
17_00_nikos.wav 18_10_stavros.wav,1509,270
17_00_nikos.wav 18_20_dp.wav,3227,252
17_00_nikos.wav 18_20_fil.wav,2479,253
17_00_nikos.wav 18_20_giorgos.wav,2847,292
17_00_nikos.wav 18_20_nikos.wav,2459,276
17_00_nikos.wav 18_20_stavros.wav,1154,265
17_00_nikos.wav 18_30_dp.wav,2978,280
17_00_nikos.wav 18_30_fil.wav,2718,245
17_00_nikos.wav 18_30_giorgos.wav,2874,329
17_00_nikos.wav 18_30_nikos.wav,1625,238
17_00_nikos.wav 18_30_stavros.wav,1837,242
17_00_nikos.wav 18_40_dp.wav,2665,286
17_00_nikos.wav 18_40_fil.wav,3161,220
17_00_nikos.wav 18_40_giorgos.wav,3977,244
17_00_nikos.wav 18_40_nikos.wav,3101,232
17_00_nikos.wav 18_40_stavros.wav,2654,250
17_00_nikos.wav 18_50_dp.wav,2927,286
17_00_nikos.wav 18_50_fil.wav,2774,251
17_00_nikos.wav 18_50_giorgos.wav,13851,348
17_00_nikos.wav 18_50_nikos.wav,2982,307
17_00_nikos.wav 18_50_stavros.wav,1903,204
17_00_nikos.wav 18_58_stavros.wav,2733,250
17_00_stavros.wav 17_10_dp.wav,2430,300
17_00_stavros.wav 17_10_fil.wav,1545,256
17_00_stavros.wav 17_10_giorgos.wav,1472,253
17_00_stavros.wav 17_10_nikos.wav,1205,192
17_00_stavros.wav 17_10_stavros.wav,1790,297
17_00_stavros.wav 17_20_dp.wav,3252,298
17_00_stavros.wav 17_20_giorgos.wav,2834,268
17_00_stavros.wav 17_20_nikos.wav,2472,253
17_00_stavros.wav 17_20_stavros.wav,2500,246
17_00_stavros.wav 17_30_dp.wav,2259,204
17_00_stavros.wav 17_30_fil.wav,1779,240
17_00_stavros.wav 17_30_giorgos.wav,2084,194
17_00_stavros.wav 17_30_nikos.wav,1960,196
17_00_stavros.wav 17_30_stavros.wav,1992,194
17_00_stavros.wav 17_40_dp.wav,2025,252
17_00_stavros.wav 17_40_fil.wav,2098,208
17_00_stavros.wav 17_40_giorgos.wav,2020,244
17_00_stavros.wav 17_40_nikos.wav,2420,248
17_00_stavros.wav 17_40_stavros.wav,2043,224
17_00_stavros.wav 18_10_dp.wav,2684,248
17_00_stavros.wav 18_10_fil.wav,1591,212
17_00_stavros.wav 18_10_giorgos.wav,2152,280
17_00_stavros.wav 18_10_stavros.wav,1992,228
17_00_stavros.wav 18_20_dp.wav,2056,364
17_00_stavros.wav 18_20_fil.wav,1832,245
17_00_stavros.wav 18_20_giorgos.wav,2142,268
17_00_stavros.wav 18_20_nikos.wav,2734,292
17_00_stavros.wav 18_20_stavros.wav,1873,240
17_00_stavros.wav 18_30_dp.wav,2735,254
17_00_stavros.wav 18_30_fil.wav,2266,248
17_00_stavros.wav 18_30_giorgos.wav,3105,258
17_00_stavros.wav 18_30_nikos.wav,1435,236
17_00_stavros.wav 18_30_stavros.wav,1816,223
17_00_stavros.wav 18_40_dp.wav,1818,283
17_00_stavros.wav 18_40_fil.wav,1794,183
17_00_stavros.wav 18_40_giorgos.wav,3056,209
17_00_stavros.wav 18_40_nikos.wav,2567,242
17_00_stavros.wav 18_40_stavros.wav,2274,198
17_00_stavros.wav 18_50_dp.wav,2894,244
17_00_stavros.wav 18_50_fil.wav,2755,203
17_00_stavros.wav 18_50_giorgos.wav,6848,298
17_00_stavros.wav 18_50_nikos.wav,2804,250
17_00_stavros.wav 18_50_stavros.wav,2329,202
17_00_stavros.wav 18_58_stavros.wav,1894,225
17_10_dp.wav 17_10_fil.wav,2010,464
17_10_dp.wav 17_10_giorgos.wav,1939,848
17_10_dp.wav 17_10_nikos.wav,2850,753
17_10_dp.wav 17_10_stavros.wav,1904,569
17_10_dp.wav 17_20_dp.wav,3502,367
17_10_dp.wav 17_20_giorgos.wav,3028,345
17_10_dp.wav 17_20_nikos.wav,3850,252
17_10_dp.wav 17_20_stavros.wav,2466,299
17_10_dp.wav 17_30_dp.wav,2647,230
17_10_dp.wav 17_30_fil.wav,3154,259
17_10_dp.wav 17_30_giorgos.wav,2973,244
17_10_dp.wav 17_30_nikos.wav,2394,211
17_10_dp.wav 17_30_stavros.wav,2518,203
17_10_dp.wav 17_40_dp.wav,3081,280
17_10_dp.wav 17_40_fil.wav,3301,301
17_10_dp.wav 17_40_giorgos.wav,3227,393
17_10_dp.wav 17_40_nikos.wav,2995,261
17_10_dp.wav 17_40_stavros.wav,1902,251
17_10_dp.wav 18_10_dp.wav,2977,211
17_10_dp.wav 18_10_fil.wav,2611,253
17_10_dp.wav 18_10_giorgos.wav,2653,246
17_10_dp.wav 18_10_stavros.wav,2623,227
17_10_dp.wav 18_20_dp.wav,3117,294
17_10_dp.wav 18_20_fil.wav,1785,268
17_10_dp.wav 18_20_giorgos.wav,2525,258
17_10_dp.wav 18_20_nikos.wav,3285,382
17_10_dp.wav 18_20_stavros.wav,2454,236
17_10_dp.wav 18_30_dp.wav,3441,306
17_10_dp.wav 18_30_fil.wav,1856,231
17_10_dp.wav 18_30_giorgos.wav,3074,306
17_10_dp.wav 18_30_nikos.wav,2962,305
17_10_dp.wav 18_30_stavros.wav,2601,203
17_10_dp.wav 18_40_dp.wav,4011,241
17_10_dp.wav 18_40_fil.wav,2626,234
17_10_dp.wav 18_40_giorgos.wav,3023,292
17_10_dp.wav 18_40_nikos.wav,3028,279
17_10_dp.wav 18_40_stavros.wav,2696,244
17_10_dp.wav 18_50_dp.wav,3023,220
17_10_dp.wav 18_50_fil.wav,1733,230
17_10_dp.wav 18_50_giorgos.wav,10428,337
17_10_dp.wav 18_50_nikos.wav,1961,232
17_10_dp.wav 18_50_stavros.wav,3105,200
17_10_dp.wav 18_58_stavros.wav,2654,216
17_10_fil.wav 17_10_giorgos.wav,1615,450
17_10_fil.wav 17_10_nikos.wav,2524,380
17_10_fil.wav 17_10_stavros.wav,1579,662
17_10_fil.wav 17_20_dp.wav,3435,203
17_10_fil.wav 17_20_giorgos.wav,2739,196
17_10_fil.wav 17_20_nikos.wav,1764,198
17_10_fil.wav 17_20_stavros.wav,2177,234
17_10_fil.wav 17_30_dp.wav,2361,186
17_10_fil.wav 17_30_fil.wav,1911,220
17_10_fil.wav 17_30_giorgos.wav,2863,240
17_10_fil.wav 17_30_nikos.wav,1892,192
17_10_fil.wav 17_30_stavros.wav,1117,174
17_10_fil.wav 17_40_dp.wav,2121,196
17_10_fil.wav 17_40_fil.wav,2432,203
17_10_fil.wav 17_40_giorgos.wav,1421,226
17_10_fil.wav 17_40_nikos.wav,1980,194
17_10_fil.wav 17_40_stavros.wav,2147,188
17_10_fil.wav 18_10_dp.wav,2210,248
17_10_fil.wav 18_10_fil.wav,1804,178
17_10_fil.wav 18_10_giorgos.wav,1669,234
17_10_fil.wav 18_10_stavros.wav,2095,193
17_10_fil.wav 18_20_dp.wav,3350,173
17_10_fil.wav 18_20_fil.wav,1806,218
17_10_fil.wav 18_20_giorgos.wav,2810,238
17_10_fil.wav 18_20_nikos.wav,3389,203
17_10_fil.wav 18_20_stavros.wav,2060,245
17_10_fil.wav 18_30_dp.wav,2206,230
17_10_fil.wav 18_30_fil.wav,2288,216
17_10_fil.wav 18_30_giorgos.wav,2554,238
17_10_fil.wav 18_30_nikos.wav,1599,214
17_10_fil.wav 18_30_stavros.wav,2076,194
17_10_fil.wav 18_40_dp.wav,2763,216
17_10_fil.wav 18_40_fil.wav,1770,210
17_10_fil.wav 18_40_giorgos.wav,2100,276
17_10_fil.wav 18_40_nikos.wav,2394,224
17_10_fil.wav 18_40_stavros.wav,1623,270
17_10_fil.wav 18_50_dp.wav,1738,224
17_10_fil.wav 18_50_fil.wav,884,199
17_10_fil.wav 18_50_giorgos.wav,10102,254
17_10_fil.wav 18_50_nikos.wav,1647,228
17_10_fil.wav 18_50_stavros.wav,2002,187
17_10_fil.wav 18_58_stavros.wav,1928,182
17_10_giorgos.wav 17_10_nikos.wav,3745,536
17_10_giorgos.wav 17_10_stavros.wav,2800,729
17_10_giorgos.wav 17_20_dp.wav,2403,258
17_10_giorgos.wav 17_20_giorgos.wav,3921,310
17_10_giorgos.wav 17_20_nikos.wav,3289,259
17_10_giorgos.wav 17_20_stavros.wav,3392,261
17_10_giorgos.wav 17_30_dp.wav,2587,238
17_10_giorgos.wav 17_30_fil.wav,2196,273
17_10_giorgos.wav 17_30_giorgos.wav,2328,263
17_10_giorgos.wav 17_30_nikos.wav,2456,231
17_10_giorgos.wav 17_30_stavros.wav,1968,221
17_10_giorgos.wav 17_40_dp.wav,3418,278
17_10_giorgos.wav 17_40_fil.wav,2427,290
17_10_giorgos.wav 17_40_giorgos.wav,3525,325
17_10_giorgos.wav 17_40_nikos.wav,2306,329
17_10_giorgos.wav 17_40_stavros.wav,2797,320
17_10_giorgos.wav 18_10_dp.wav,2666,251
17_10_giorgos.wav 18_10_fil.wav,1836,283
17_10_giorgos.wav 18_10_giorgos.wav,2911,259
17_10_giorgos.wav 18_10_stavros.wav,3202,257
17_10_giorgos.wav 18_20_dp.wav,3528,252
17_10_giorgos.wav 18_20_fil.wav,2682,259
17_10_giorgos.wav 18_20_giorgos.wav,3508,234
17_10_giorgos.wav 18_20_nikos.wav,4269,274
17_10_giorgos.wav 18_20_stavros.wav,3810,230
17_10_giorgos.wav 18_30_dp.wav,3087,350
17_10_giorgos.wav 18_30_fil.wav,2113,224
17_10_giorgos.wav 18_30_giorgos.wav,2717,334
17_10_giorgos.wav 18_30_nikos.wav,2405,328
17_10_giorgos.wav 18_30_stavros.wav,2763,221
17_10_giorgos.wav 18_40_dp.wav,3146,258
17_10_giorgos.wav 18_40_fil.wav,2584,272
17_10_giorgos.wav 18_40_giorgos.wav,2789,362
17_10_giorgos.wav 18_40_nikos.wav,2550,339
17_10_giorgos.wav 18_40_stavros.wav,2317,238
17_10_giorgos.wav 18_50_dp.wav,2903,269
17_10_giorgos.wav 18_50_fil.wav,1859,248
17_10_giorgos.wav 18_50_giorgos.wav,13842,357
17_10_giorgos.wav 18_50_nikos.wav,2463,250
17_10_giorgos.wav 18_50_stavros.wav,3231,199
17_10_giorgos.wav 18_58_stavros.wav,2253,272
17_10_nikos.wav 17_10_stavros.wav,2013,475
17_10_nikos.wav 17_20_dp.wav,3254,333
17_10_nikos.wav 17_20_giorgos.wav,2562,285
17_10_nikos.wav 17_20_nikos.wav,3228,238
17_10_nikos.wav 17_20_stavros.wav,1996,247
17_10_nikos.wav 17_30_dp.wav,2749,218
17_10_nikos.wav 17_30_fil.wav,3149,202
17_10_nikos.wav 17_30_giorgos.wav,3027,275
17_10_nikos.wav 17_30_nikos.wav,3008,249
17_10_nikos.wav 17_30_stavros.wav,2854,265
17_10_nikos.wav 17_40_dp.wav,3230,352
17_10_nikos.wav 17_40_fil.wav,2730,298
17_10_nikos.wav 17_40_giorgos.wav,3220,397
17_10_nikos.wav 17_40_nikos.wav,2790,259
17_10_nikos.wav 17_40_stavros.wav,2811,272
17_10_nikos.wav 18_10_dp.wav,1730,239
17_10_nikos.wav 18_10_fil.wav,2238,225
17_10_nikos.wav 18_10_giorgos.wav,2854,306
17_10_nikos.wav 18_10_stavros.wav,2621,219
17_10_nikos.wav 18_20_dp.wav,3267,281
17_10_nikos.wav 18_20_fil.wav,2301,273
17_10_nikos.wav 18_20_giorgos.wav,3358,280
17_10_nikos.wav 18_20_nikos.wav,3529,314
17_10_nikos.wav 18_20_stavros.wav,2250,238
17_10_nikos.wav 18_30_dp.wav,2342,289
17_10_nikos.wav 18_30_fil.wav,2191,238
17_10_nikos.wav 18_30_giorgos.wav,3235,297
17_10_nikos.wav 18_30_nikos.wav,3816,260
17_10_nikos.wav 18_30_stavros.wav,3429,244
17_10_nikos.wav 18_40_dp.wav,2463,376
17_10_nikos.wav 18_40_fil.wav,1966,204
17_10_nikos.wav 18_40_giorgos.wav,2838,267
17_10_nikos.wav 18_40_nikos.wav,2368,287
17_10_nikos.wav 18_40_stavros.wav,1081,260
17_10_nikos.wav 18_50_dp.wav,2727,260
17_10_nikos.wav 18_50_fil.wav,1984,225
17_10_nikos.wav 18_50_giorgos.wav,5450,355
17_10_nikos.wav 18_50_nikos.wav,3248,344
17_10_nikos.wav 18_50_stavros.wav,1929,224
17_10_nikos.wav 18_58_stavros.wav,1735,260
17_10_stavros.wav 17_20_dp.wav,2355,197
17_10_stavros.wav 17_20_giorgos.wav,2959,220
17_10_stavros.wav 17_20_nikos.wav,2574,170
17_10_stavros.wav 17_20_stavros.wav,2434,171
17_10_stavros.wav 17_30_dp.wav,2311,163
17_10_stavros.wav 17_30_fil.wav,1337,204
17_10_stavros.wav 17_30_giorgos.wav,2056,241
17_10_stavros.wav 17_30_nikos.wav,1535,192
17_10_stavros.wav 17_30_stavros.wav,1379,176
17_10_stavros.wav 17_40_dp.wav,2341,245
17_10_stavros.wav 17_40_fil.wav,1779,202
17_10_stavros.wav 17_40_giorgos.wav,2421,239
17_10_stavros.wav 17_40_nikos.wav,1591,192
17_10_stavros.wav 17_40_stavros.wav,1838,237
17_10_stavros.wav 18_10_dp.wav,1708,189
17_10_stavros.wav 18_10_fil.wav,1385,208
17_10_stavros.wav 18_10_giorgos.wav,1725,212
17_10_stavros.wav 18_10_stavros.wav,1939,186
17_10_stavros.wav 18_20_dp.wav,1882,213
17_10_stavros.wav 18_20_fil.wav,1607,214
17_10_stavros.wav 18_20_giorgos.wav,2003,177
17_10_stavros.wav 18_20_nikos.wav,3220,237
17_10_stavros.wav 18_20_stavros.wav,1922,195
17_10_stavros.wav 18_30_dp.wav,1532,223
17_10_stavros.wav 18_30_fil.wav,2109,175
17_10_stavros.wav 18_30_giorgos.wav,2650,193
17_10_stavros.wav 18_30_nikos.wav,3645,203
17_10_stavros.wav 18_30_stavros.wav,1478,219
17_10_stavros.wav 18_40_dp.wav,1383,226
17_10_stavros.wav 18_40_fil.wav,2534,186
17_10_stavros.wav 18_40_giorgos.wav,2550,245
17_10_stavros.wav 18_40_nikos.wav,2468,257
17_10_stavros.wav 18_40_stavros.wav,1955,199
17_10_stavros.wav 18_50_dp.wav,1780,181
17_10_stavros.wav 18_50_fil.wav,1440,171
17_10_stavros.wav 18_50_giorgos.wav,3625,267
17_10_stavros.wav 18_50_nikos.wav,1981,201
17_10_stavros.wav 18_50_stavros.wav,1840,195
17_10_stavros.wav 18_58_stavros.wav,1867,159
17_20_dp.wav 17_20_giorgos.wav,2610,1087
17_20_dp.wav 17_20_nikos.wav,2221,610
17_20_dp.wav 17_20_stavros.wav,2048,847
17_20_dp.wav 17_30_dp.wav,3268,242
17_20_dp.wav 17_30_fil.wav,2316,281
17_20_dp.wav 17_30_giorgos.wav,3800,246
17_20_dp.wav 17_30_nikos.wav,2349,251
17_20_dp.wav 17_30_stavros.wav,2195,211
17_20_dp.wav 17_40_dp.wav,4162,288
17_20_dp.wav 17_40_fil.wav,2649,218
17_20_dp.wav 17_40_giorgos.wav,4156,351
17_20_dp.wav 17_40_nikos.wav,3326,261
17_20_dp.wav 17_40_stavros.wav,2788,236
17_20_dp.wav 18_10_dp.wav,3196,277
17_20_dp.wav 18_10_fil.wav,2814,233
17_20_dp.wav 18_10_giorgos.wav,2200,337
17_20_dp.wav 18_10_stavros.wav,3218,263
17_20_dp.wav 18_20_dp.wav,2431,274
17_20_dp.wav 18_20_fil.wav,2625,251
17_20_dp.wav 18_20_giorgos.wav,3379,293
17_20_dp.wav 18_20_nikos.wav,3230,285
17_20_dp.wav 18_20_stavros.wav,1721,222
17_20_dp.wav 18_30_dp.wav,2199,282
17_20_dp.wav 18_30_fil.wav,2894,273
17_20_dp.wav 18_30_giorgos.wav,3159,312
17_20_dp.wav 18_30_nikos.wav,3516,264
17_20_dp.wav 18_30_stavros.wav,3433,248
17_20_dp.wav 18_40_dp.wav,3325,287
17_20_dp.wav 18_40_fil.wav,1686,303
17_20_dp.wav 18_40_giorgos.wav,4255,369
17_20_dp.wav 18_40_nikos.wav,3259,296
17_20_dp.wav 18_40_stavros.wav,3657,279
17_20_dp.wav 18_50_dp.wav,2642,357
17_20_dp.wav 18_50_fil.wav,3293,233
17_20_dp.wav 18_50_giorgos.wav,13109,373
17_20_dp.wav 18_50_nikos.wav,2030,319
17_20_dp.wav 18_50_stavros.wav,2074,280
17_20_dp.wav 18_58_stavros.wav,3184,244
17_20_giorgos.wav 17_20_nikos.wav,2482,628
17_20_giorgos.wav 17_20_stavros.wav,2308,905
17_20_giorgos.wav 17_30_dp.wav,3530,250
17_20_giorgos.wav 17_30_fil.wav,2821,207
17_20_giorgos.wav 17_30_giorgos.wav,3945,245
17_20_giorgos.wav 17_30_nikos.wav,2608,265
17_20_giorgos.wav 17_30_stavros.wav,1946,323
17_20_giorgos.wav 17_40_dp.wav,2155,256
17_20_giorgos.wav 17_40_fil.wav,2717,310
17_20_giorgos.wav 17_40_giorgos.wav,2179,280
17_20_giorgos.wav 17_40_nikos.wav,3504,203
17_20_giorgos.wav 17_40_stavros.wav,2363,244
17_20_giorgos.wav 18_10_dp.wav,2930,243
17_20_giorgos.wav 18_10_fil.wav,2566,221
17_20_giorgos.wav 18_10_giorgos.wav,1752,259
17_20_giorgos.wav 18_10_stavros.wav,2462,315
17_20_giorgos.wav 18_20_dp.wav,2128,329
17_20_giorgos.wav 18_20_fil.wav,1633,246
17_20_giorgos.wav 18_20_giorgos.wav,3290,268
17_20_giorgos.wav 18_20_nikos.wav,3125,299
17_20_giorgos.wav 18_20_stavros.wav,2062,218
17_20_giorgos.wav 18_30_dp.wav,2817,288
17_20_giorgos.wav 18_30_fil.wav,2598,267
17_20_giorgos.wav 18_30_giorgos.wav,2011,326
17_20_giorgos.wav 18_30_nikos.wav,2210,291
17_20_giorgos.wav 18_30_stavros.wav,2217,283
17_20_giorgos.wav 18_40_dp.wav,2284,319
17_20_giorgos.wav 18_40_fil.wav,1596,255
17_20_giorgos.wav 18_40_giorgos.wav,1927,286
17_20_giorgos.wav 18_40_nikos.wav,2374,295
17_20_giorgos.wav 18_40_stavros.wav,1086,299
17_20_giorgos.wav 18_50_dp.wav,2901,299
17_20_giorgos.wav 18_50_fil.wav,2510,269
17_20_giorgos.wav 18_50_giorgos.wav,8370,387
17_20_giorgos.wav 18_50_nikos.wav,3418,276
17_20_giorgos.wav 18_50_stavros.wav,2152,292
17_20_giorgos.wav 18_58_stavros.wav,1560,241
17_20_nikos.wav 17_20_stavros.wav,2084,801
17_20_nikos.wav 17_30_dp.wav,3237,202
17_20_nikos.wav 17_30_fil.wav,2253,191
17_20_nikos.wav 17_30_giorgos.wav,3002,219
17_20_nikos.wav 17_30_nikos.wav,2140,255
17_20_nikos.wav 17_30_stavros.wav,2768,230
17_20_nikos.wav 17_40_dp.wav,2076,291
17_20_nikos.wav 17_40_fil.wav,2373,232
17_20_nikos.wav 17_40_giorgos.wav,3566,278
17_20_nikos.wav 17_40_nikos.wav,2824,228
17_20_nikos.wav 17_40_stavros.wav,2911,188
17_20_nikos.wav 18_10_dp.wav,2790,260
17_20_nikos.wav 18_10_fil.wav,2278,258
17_20_nikos.wav 18_10_giorgos.wav,2079,238
17_20_nikos.wav 18_10_stavros.wav,1608,191
17_20_nikos.wav 18_20_dp.wav,2467,240
17_20_nikos.wav 18_20_fil.wav,2008,225
17_20_nikos.wav 18_20_giorgos.wav,1807,232
17_20_nikos.wav 18_20_nikos.wav,3651,289
17_20_nikos.wav 18_20_stavros.wav,1601,222
17_20_nikos.wav 18_30_dp.wav,2241,308
17_20_nikos.wav 18_30_fil.wav,1888,261
17_20_nikos.wav 18_30_giorgos.wav,2222,257
17_20_nikos.wav 18_30_nikos.wav,1866,273
17_20_nikos.wav 18_30_stavros.wav,1995,238
17_20_nikos.wav 18_40_dp.wav,3243,250
17_20_nikos.wav 18_40_fil.wav,1303,190
17_20_nikos.wav 18_40_giorgos.wav,2129,272
17_20_nikos.wav 18_40_nikos.wav,3115,260
17_20_nikos.wav 18_40_stavros.wav,2130,211
17_20_nikos.wav 18_50_dp.wav,2822,272
17_20_nikos.wav 18_50_fil.wav,1949,229
17_20_nikos.wav 18_50_giorgos.wav,11387,286
17_20_nikos.wav 18_50_nikos.wav,2065,262
17_20_nikos.wav 18_50_stavros.wav,2224,240
17_20_nikos.wav 18_58_stavros.wav,2914,253
17_20_stavros.wav 17_30_dp.wav,2345,239
17_20_stavros.wav 17_30_fil.wav,1694,203
17_20_stavros.wav 17_30_giorgos.wav,2406,195
17_20_stavros.wav 17_30_nikos.wav,2594,183
17_20_stavros.wav 17_30_stavros.wav,1826,223
17_20_stavros.wav 17_40_dp.wav,2181,258
17_20_stavros.wav 17_40_fil.wav,2631,249
17_20_stavros.wav 17_40_giorgos.wav,2233,311
17_20_stavros.wav 17_40_nikos.wav,1317,220
17_20_stavros.wav 17_40_stavros.wav,1892,195
17_20_stavros.wav 18_10_dp.wav,2539,221
17_20_stavros.wav 18_10_fil.wav,1542,197
17_20_stavros.wav 18_10_giorgos.wav,2952,242
17_20_stavros.wav 18_10_stavros.wav,1707,192
17_20_stavros.wav 18_20_dp.wav,2151,280
17_20_stavros.wav 18_20_fil.wav,1817,232
17_20_stavros.wav 18_20_giorgos.wav,1884,251
17_20_stavros.wav 18_20_nikos.wav,3032,271
17_20_stavros.wav 18_20_stavros.wav,1728,231
17_20_stavros.wav 18_30_dp.wav,2807,265
17_20_stavros.wav 18_30_fil.wav,1979,250
17_20_stavros.wav 18_30_giorgos.wav,2159,296
17_20_stavros.wav 18_30_nikos.wav,3117,245
17_20_stavros.wav 18_30_stavros.wav,1886,233
17_20_stavros.wav 18_40_dp.wav,2866,230
17_20_stavros.wav 18_40_fil.wav,1667,216
17_20_stavros.wav 18_40_giorgos.wav,1315,284
17_20_stavros.wav 18_40_nikos.wav,3018,279
17_20_stavros.wav 18_40_stavros.wav,992,233
17_20_stavros.wav 18_50_dp.wav,2023,252
17_20_stavros.wav 18_50_fil.wav,2086,253
17_20_stavros.wav 18_50_giorgos.wav,11464,391
17_20_stavros.wav 18_50_nikos.wav,2382,233
17_20_stavros.wav 18_50_stavros.wav,2117,206
17_20_stavros.wav 18_58_stavros.wav,2018,255
17_30_dp.wav 17_30_fil.wav,1840,251
17_30_dp.wav 17_30_giorgos.wav,2213,624
17_30_dp.wav 17_30_nikos.wav,2008,385
17_30_dp.wav 17_30_stavros.wav,1980,551
17_30_dp.wav 17_40_dp.wav,2936,238
17_30_dp.wav 17_40_fil.wav,2987,202
17_30_dp.wav 17_40_giorgos.wav,3177,244
17_30_dp.wav 17_40_nikos.wav,2985,245
17_30_dp.wav 17_40_stavros.wav,2859,238
17_30_dp.wav 18_10_dp.wav,2810,225
17_30_dp.wav 18_10_fil.wav,2095,179
17_30_dp.wav 18_10_giorgos.wav,3127,284
17_30_dp.wav 18_10_stavros.wav,2359,221
17_30_dp.wav 18_20_dp.wav,2511,262
17_30_dp.wav 18_20_fil.wav,2235,193
17_30_dp.wav 18_20_giorgos.wav,2607,272
17_30_dp.wav 18_20_nikos.wav,2897,244
17_30_dp.wav 18_20_stavros.wav,3019,216
17_30_dp.wav 18_30_dp.wav,2538,275
17_30_dp.wav 18_30_fil.wav,3570,248
17_30_dp.wav 18_30_giorgos.wav,2004,267
17_30_dp.wav 18_30_nikos.wav,3241,234
17_30_dp.wav 18_30_stavros.wav,2211,207
17_30_dp.wav 18_40_dp.wav,2657,304
17_30_dp.wav 18_40_fil.wav,1863,254
17_30_dp.wav 18_40_giorgos.wav,2064,271
17_30_dp.wav 18_40_nikos.wav,2944,296
17_30_dp.wav 18_40_stavros.wav,1524,279
17_30_dp.wav 18_50_dp.wav,2535,264
17_30_dp.wav 18_50_fil.wav,1738,201
17_30_dp.wav 18_50_giorgos.wav,10017,330
17_30_dp.wav 18_50_nikos.wav,1951,258
17_30_dp.wav 18_50_stavros.wav,2758,274
17_30_dp.wav 18_58_stavros.wav,2848,234
17_30_fil.wav 17_30_giorgos.wav,2418,339
17_30_fil.wav 17_30_nikos.wav,2212,251
17_30_fil.wav 17_30_stavros.wav,2184,521
17_30_fil.wav 17_40_dp.wav,1753,258
17_30_fil.wav 17_40_fil.wav,2272,240
17_30_fil.wav 17_40_giorgos.wav,2316,257
17_30_fil.wav 17_40_nikos.wav,2465,220
17_30_fil.wav 17_40_stavros.wav,2758,190
17_30_fil.wav 18_10_dp.wav,1598,251
17_30_fil.wav 18_10_fil.wav,2417,202
17_30_fil.wav 18_10_giorgos.wav,2408,261
17_30_fil.wav 18_10_stavros.wav,2291,192
17_30_fil.wav 18_20_dp.wav,1675,230
17_30_fil.wav 18_20_fil.wav,1797,218
17_30_fil.wav 18_20_giorgos.wav,1618,231
17_30_fil.wav 18_20_nikos.wav,3595,232
17_30_fil.wav 18_20_stavros.wav,2698,256
17_30_fil.wav 18_30_dp.wav,2338,273
17_30_fil.wav 18_30_fil.wav,2209,229
17_30_fil.wav 18_30_giorgos.wav,1965,262
17_30_fil.wav 18_30_nikos.wav,2731,223
17_30_fil.wav 18_30_stavros.wav,3037,218
17_30_fil.wav 18_40_dp.wav,2999,235
17_30_fil.wav 18_40_fil.wav,1317,284
17_30_fil.wav 18_40_giorgos.wav,1490,215
17_30_fil.wav 18_40_nikos.wav,1767,220
17_30_fil.wav 18_40_stavros.wav,1943,234
17_30_fil.wav 18_50_dp.wav,1587,208
17_30_fil.wav 18_50_fil.wav,1796,187
17_30_fil.wav 18_50_giorgos.wav,10606,305
17_30_fil.wav 18_50_nikos.wav,2498,249
17_30_fil.wav 18_50_stavros.wav,2057,197
17_30_fil.wav 18_58_stavros.wav,2545,217
17_30_giorgos.wav 17_30_nikos.wav,2653,349
17_30_giorgos.wav 17_30_stavros.wav,2624,547
17_30_giorgos.wav 17_40_dp.wav,3284,221
17_30_giorgos.wav 17_40_fil.wav,1896,255
17_30_giorgos.wav 17_40_giorgos.wav,2944,276
17_30_giorgos.wav 17_40_nikos.wav,2356,197
17_30_giorgos.wav 17_40_stavros.wav,2485,278
17_30_giorgos.wav 18_10_dp.wav,3170,254
17_30_giorgos.wav 18_10_fil.wav,2460,217
17_30_giorgos.wav 18_10_giorgos.wav,2751,304
17_30_giorgos.wav 18_10_stavros.wav,2154,285
17_30_giorgos.wav 18_20_dp.wav,2651,256
17_30_giorgos.wav 18_20_fil.wav,1802,207
17_30_giorgos.wav 18_20_giorgos.wav,2960,239
17_30_giorgos.wav 18_20_nikos.wav,2496,287
17_30_giorgos.wav 18_20_stavros.wav,2405,210
17_30_giorgos.wav 18_30_dp.wav,3402,322
17_30_giorgos.wav 18_30_fil.wav,2959,255
17_30_giorgos.wav 18_30_giorgos.wav,3031,304
17_30_giorgos.wav 18_30_nikos.wav,2407,264
17_30_giorgos.wav 18_30_stavros.wav,2323,241
17_30_giorgos.wav 18_40_dp.wav,2998,335
17_30_giorgos.wav 18_40_fil.wav,2377,264
17_30_giorgos.wav 18_40_giorgos.wav,2833,406
17_30_giorgos.wav 18_40_nikos.wav,2300,413
17_30_giorgos.wav 18_40_stavros.wav,2233,396
17_30_giorgos.wav 18_50_dp.wav,2822,215
17_30_giorgos.wav 18_50_fil.wav,2101,221
17_30_giorgos.wav 18_50_giorgos.wav,3033,324
17_30_giorgos.wav 18_50_nikos.wav,3015,254
17_30_giorgos.wav 18_50_stavros.wav,3304,215
17_30_giorgos.wav 18_58_stavros.wav,2668,196
17_30_nikos.wav 17_30_stavros.wav,1934,403
17_30_nikos.wav 17_40_dp.wav,2769,203
17_30_nikos.wav 17_40_fil.wav,2091,227
17_30_nikos.wav 17_40_giorgos.wav,1405,218
17_30_nikos.wav 17_40_nikos.wav,2622,227
17_30_nikos.wav 17_40_stavros.wav,2378,205
17_30_nikos.wav 18_10_dp.wav,2871,223
17_30_nikos.wav 18_10_fil.wav,1499,208
17_30_nikos.wav 18_10_giorgos.wav,2482,233
17_30_nikos.wav 18_10_stavros.wav,1748,197
17_30_nikos.wav 18_20_dp.wav,2570,257
17_30_nikos.wav 18_20_fil.wav,1975,298
17_30_nikos.wav 18_20_giorgos.wav,1608,265
17_30_nikos.wav 18_20_nikos.wav,3249,259
17_30_nikos.wav 18_20_stavros.wav,1925,284
17_30_nikos.wav 18_30_dp.wav,2178,233
17_30_nikos.wav 18_30_fil.wav,1582,221
17_30_nikos.wav 18_30_giorgos.wav,1804,231
17_30_nikos.wav 18_30_nikos.wav,1578,243
17_30_nikos.wav 18_30_stavros.wav,2165,212
17_30_nikos.wav 18_40_dp.wav,1487,270
17_30_nikos.wav 18_40_fil.wav,2623,235
17_30_nikos.wav 18_40_giorgos.wav,3074,228
17_30_nikos.wav 18_40_nikos.wav,1827,226
17_30_nikos.wav 18_40_stavros.wav,1929,212
17_30_nikos.wav 18_50_dp.wav,2895,213
17_30_nikos.wav 18_50_fil.wav,1903,214
17_30_nikos.wav 18_50_giorgos.wav,9427,265
17_30_nikos.wav 18_50_nikos.wav,2866,182
17_30_nikos.wav 18_50_stavros.wav,1538,213
17_30_nikos.wav 18_58_stavros.wav,2098,228
17_30_stavros.wav 17_40_dp.wav,2463,233
17_30_stavros.wav 17_40_fil.wav,2072,215
17_30_stavros.wav 17_40_giorgos.wav,2191,275
17_30_stavros.wav 17_40_nikos.wav,2472,215
17_30_stavros.wav 17_40_stavros.wav,1579,188
17_30_stavros.wav 18_10_dp.wav,3616,201
17_30_stavros.wav 18_10_fil.wav,1922,189
17_30_stavros.wav 18_10_giorgos.wav,3319,215
17_30_stavros.wav 18_10_stavros.wav,1680,227
17_30_stavros.wav 18_20_dp.wav,2615,275
17_30_stavros.wav 18_20_fil.wav,3026,183
17_30_stavros.wav 18_20_giorgos.wav,2820,261
17_30_stavros.wav 18_20_nikos.wav,3148,255
17_30_stavros.wav 18_20_stavros.wav,2399,199
17_30_stavros.wav 18_30_dp.wav,2270,235
17_30_stavros.wav 18_30_fil.wav,2315,188
17_30_stavros.wav 18_30_giorgos.wav,2427,219
17_30_stavros.wav 18_30_nikos.wav,2344,251
17_30_stavros.wav 18_30_stavros.wav,2316,233
17_30_stavros.wav 18_40_dp.wav,2213,277
17_30_stavros.wav 18_40_fil.wav,1897,234
17_30_stavros.wav 18_40_giorgos.wav,2292,257
17_30_stavros.wav 18_40_nikos.wav,3236,265
17_30_stavros.wav 18_40_stavros.wav,1692,231
17_30_stavros.wav 18_50_dp.wav,2568,211
17_30_stavros.wav 18_50_fil.wav,2293,232
17_30_stavros.wav 18_50_giorgos.wav,4511,291
17_30_stavros.wav 18_50_nikos.wav,3201,255
17_30_stavros.wav 18_50_stavros.wav,2095,225
17_30_stavros.wav 18_58_stavros.wav,1629,220
17_40_dp.wav 17_40_fil.wav,2082,599
17_40_dp.wav 17_40_giorgos.wav,3068,1371
17_40_dp.wav 17_40_nikos.wav,2237,468
17_40_dp.wav 17_40_stavros.wav,2453,772
17_40_dp.wav 18_10_dp.wav,2920,253
17_40_dp.wav 18_10_fil.wav,1951,215
17_40_dp.wav 18_10_giorgos.wav,3379,258
17_40_dp.wav 18_10_stavros.wav,2250,221
17_40_dp.wav 18_20_dp.wav,4027,260
17_40_dp.wav 18_20_fil.wav,3060,379
17_40_dp.wav 18_20_giorgos.wav,3433,284
17_40_dp.wav 18_20_nikos.wav,4377,261
17_40_dp.wav 18_20_stavros.wav,3011,260
17_40_dp.wav 18_30_dp.wav,2762,291
17_40_dp.wav 18_30_fil.wav,2247,198
17_40_dp.wav 18_30_giorgos.wav,2831,288
17_40_dp.wav 18_30_nikos.wav,3099,284
17_40_dp.wav 18_30_stavros.wav,2511,207
17_40_dp.wav 18_40_dp.wav,2864,318
17_40_dp.wav 18_40_fil.wav,2610,274
17_40_dp.wav 18_40_giorgos.wav,2327,306
17_40_dp.wav 18_40_nikos.wav,3323,302
17_40_dp.wav 18_40_stavros.wav,1604,233
17_40_dp.wav 18_50_dp.wav,3101,234
17_40_dp.wav 18_50_fil.wav,2821,271
17_40_dp.wav 18_50_giorgos.wav,14074,350
17_40_dp.wav 18_50_nikos.wav,3116,281
17_40_dp.wav 18_50_stavros.wav,1616,209
17_40_dp.wav 18_58_stavros.wav,2883,260
17_40_fil.wav 17_40_giorgos.wav,3174,590
17_40_fil.wav 17_40_nikos.wav,2344,354
17_40_fil.wav 17_40_stavros.wav,2560,787
17_40_fil.wav 18_10_dp.wav,2738,194
17_40_fil.wav 18_10_fil.wav,1682,279
17_40_fil.wav 18_10_giorgos.wav,2007,214
17_40_fil.wav 18_10_stavros.wav,2540,200
17_40_fil.wav 18_20_dp.wav,2041,270
17_40_fil.wav 18_20_fil.wav,2535,221
17_40_fil.wav 18_20_giorgos.wav,2701,258
17_40_fil.wav 18_20_nikos.wav,3510,320
17_40_fil.wav 18_20_stavros.wav,3118,213
17_40_fil.wav 18_30_dp.wav,1915,290
17_40_fil.wav 18_30_fil.wav,2119,232
17_40_fil.wav 18_30_giorgos.wav,2256,214
17_40_fil.wav 18_30_nikos.wav,2193,254
17_40_fil.wav 18_30_stavros.wav,2117,193
17_40_fil.wav 18_40_dp.wav,1913,250
17_40_fil.wav 18_40_fil.wav,1828,225
17_40_fil.wav 18_40_giorgos.wav,3003,226
17_40_fil.wav 18_40_nikos.wav,2991,254
17_40_fil.wav 18_40_stavros.wav,1511,220
17_40_fil.wav 18_50_dp.wav,2946,235
17_40_fil.wav 18_50_fil.wav,2000,263
17_40_fil.wav 18_50_giorgos.wav,12177,262
17_40_fil.wav 18_50_nikos.wav,2004,265
17_40_fil.wav 18_50_stavros.wav,2256,233
17_40_fil.wav 18_58_stavros.wav,2130,232
17_40_giorgos.wav 17_40_nikos.wav,2931,493
17_40_giorgos.wav 17_40_stavros.wav,3147,754
17_40_giorgos.wav 18_10_dp.wav,2536,265
17_40_giorgos.wav 18_10_fil.wav,2153,245
17_40_giorgos.wav 18_10_giorgos.wav,4509,285
17_40_giorgos.wav 18_10_stavros.wav,3642,237
17_40_giorgos.wav 18_20_dp.wav,2884,290
17_40_giorgos.wav 18_20_fil.wav,3755,423
17_40_giorgos.wav 18_20_giorgos.wav,4127,339
17_40_giorgos.wav 18_20_nikos.wav,3815,328
17_40_giorgos.wav 18_20_stavros.wav,3705,250
17_40_giorgos.wav 18_30_dp.wav,3500,339
17_40_giorgos.wav 18_30_fil.wav,2004,297
17_40_giorgos.wav 18_30_giorgos.wav,3523,326
17_40_giorgos.wav 18_30_nikos.wav,3615,270
17_40_giorgos.wav 18_30_stavros.wav,3285,285
17_40_giorgos.wav 18_40_dp.wav,3561,356
17_40_giorgos.wav 18_40_fil.wav,3531,244
17_40_giorgos.wav 18_40_giorgos.wav,3019,260
17_40_giorgos.wav 18_40_nikos.wav,3647,332
17_40_giorgos.wav 18_40_stavros.wav,2298,283
17_40_giorgos.wav 18_50_dp.wav,2632,297
17_40_giorgos.wav 18_50_fil.wav,3431,267
17_40_giorgos.wav 18_50_giorgos.wav,9097,379
17_40_giorgos.wav 18_50_nikos.wav,3810,302
17_40_giorgos.wav 18_50_stavros.wav,3404,288
17_40_giorgos.wav 18_58_stavros.wav,3773,279
17_40_nikos.wav 17_40_stavros.wav,2540,411
17_40_nikos.wav 18_10_dp.wav,2981,222
17_40_nikos.wav 18_10_fil.wav,2307,207
17_40_nikos.wav 18_10_giorgos.wav,2998,182
17_40_nikos.wav 18_10_stavros.wav,2011,207
17_40_nikos.wav 18_20_dp.wav,2392,223
17_40_nikos.wav 18_20_fil.wav,2238,203
17_40_nikos.wav 18_20_giorgos.wav,2083,228
17_40_nikos.wav 18_20_nikos.wav,3073,249
17_40_nikos.wav 18_20_stavros.wav,1033,206
17_40_nikos.wav 18_30_dp.wav,2762,229
17_40_nikos.wav 18_30_fil.wav,2212,289
17_40_nikos.wav 18_30_giorgos.wav,2963,217
17_40_nikos.wav 18_30_nikos.wav,2582,209
17_40_nikos.wav 18_30_stavros.wav,2894,169
17_40_nikos.wav 18_40_dp.wav,2951,257
17_40_nikos.wav 18_40_fil.wav,1958,178
17_40_nikos.wav 18_40_giorgos.wav,2928,255
17_40_nikos.wav 18_40_nikos.wav,3043,247
17_40_nikos.wav 18_40_stavros.wav,2264,205
17_40_nikos.wav 18_50_dp.wav,2025,260
17_40_nikos.wav 18_50_fil.wav,2028,215
17_40_nikos.wav 18_50_giorgos.wav,11117,343
17_40_nikos.wav 18_50_nikos.wav,2747,301
17_40_nikos.wav 18_50_stavros.wav,2518,238
17_40_nikos.wav 18_58_stavros.wav,2777,193
17_40_stavros.wav 18_10_dp.wav,3099,219
17_40_stavros.wav 18_10_fil.wav,2124,193
17_40_stavros.wav 18_10_giorgos.wav,1621,214
17_40_stavros.wav 18_10_stavros.wav,2337,175
17_40_stavros.wav 18_20_dp.wav,2166,259
17_40_stavros.wav 18_20_fil.wav,3154,232
17_40_stavros.wav 18_20_giorgos.wav,2869,228
17_40_stavros.wav 18_20_nikos.wav,2726,258
17_40_stavros.wav 18_20_stavros.wav,2440,216
17_40_stavros.wav 18_30_dp.wav,2856,238
17_40_stavros.wav 18_30_fil.wav,2864,214
17_40_stavros.wav 18_30_giorgos.wav,2652,228
17_40_stavros.wav 18_30_nikos.wav,2987,262
17_40_stavros.wav 18_30_stavros.wav,2578,224
17_40_stavros.wav 18_40_dp.wav,2960,253
17_40_stavros.wav 18_40_fil.wav,2442,220
17_40_stavros.wav 18_40_giorgos.wav,2539,248
17_40_stavros.wav 18_40_nikos.wav,3362,302
17_40_stavros.wav 18_40_stavros.wav,3086,219
17_40_stavros.wav 18_50_dp.wav,2149,242
17_40_stavros.wav 18_50_fil.wav,1578,211
17_40_stavros.wav 18_50_giorgos.wav,8838,268
17_40_stavros.wav 18_50_nikos.wav,2088,241
17_40_stavros.wav 18_50_stavros.wav,2549,220
17_40_stavros.wav 18_58_stavros.wav,2263,224
18_10_dp.wav 18_10_fil.wav,1578,471
18_10_dp.wav 18_10_giorgos.wav,1740,601
18_10_dp.wav 18_10_stavros.wav,1624,495
18_10_dp.wav 18_20_dp.wav,3446,322
18_10_dp.wav 18_20_fil.wav,2164,231
18_10_dp.wav 18_20_giorgos.wav,3317,297
18_10_dp.wav 18_20_nikos.wav,2922,333
18_10_dp.wav 18_20_stavros.wav,2382,234
18_10_dp.wav 18_30_dp.wav,3364,303
18_10_dp.wav 18_30_fil.wav,2246,293
18_10_dp.wav 18_30_giorgos.wav,2666,235
18_10_dp.wav 18_30_nikos.wav,3231,229
18_10_dp.wav 18_30_stavros.wav,1626,239
18_10_dp.wav 18_40_dp.wav,3691,273
18_10_dp.wav 18_40_fil.wav,2195,240
18_10_dp.wav 18_40_giorgos.wav,2842,243
18_10_dp.wav 18_40_nikos.wav,3123,275
18_10_dp.wav 18_40_stavros.wav,3591,229
18_10_dp.wav 18_50_dp.wav,2638,281
18_10_dp.wav 18_50_fil.wav,2828,255
18_10_dp.wav 18_50_giorgos.wav,7806,315
18_10_dp.wav 18_50_nikos.wav,2921,258
18_10_dp.wav 18_50_stavros.wav,3315,217
18_10_dp.wav 18_58_stavros.wav,2993,223
18_10_fil.wav 18_10_giorgos.wav,2057,431
18_10_fil.wav 18_10_stavros.wav,1941,652
18_10_fil.wav 18_20_dp.wav,1933,213
18_10_fil.wav 18_20_fil.wav,1381,188
18_10_fil.wav 18_20_giorgos.wav,2943,225
18_10_fil.wav 18_20_nikos.wav,2963,323
18_10_fil.wav 18_20_stavros.wav,2521,221
18_10_fil.wav 18_30_dp.wav,2149,193
18_10_fil.wav 18_30_fil.wav,1938,207
18_10_fil.wav 18_30_giorgos.wav,1780,273
18_10_fil.wav 18_30_nikos.wav,2147,197
18_10_fil.wav 18_30_stavros.wav,2059,184
18_10_fil.wav 18_40_dp.wav,2295,195
18_10_fil.wav 18_40_fil.wav,1873,204
18_10_fil.wav 18_40_giorgos.wav,1994,211
18_10_fil.wav 18_40_nikos.wav,2748,219
18_10_fil.wav 18_40_stavros.wav,2210,229
18_10_fil.wav 18_50_dp.wav,2955,249
18_10_fil.wav 18_50_fil.wav,1481,186
18_10_fil.wav 18_50_giorgos.wav,5355,257
18_10_fil.wav 18_50_nikos.wav,3035,243
18_10_fil.wav 18_50_stavros.wav,1302,179
18_10_fil.wav 18_58_stavros.wav,1636,193
18_10_giorgos.wav 18_10_stavros.wav,2717,557
18_10_giorgos.wav 18_20_dp.wav,3122,349
18_10_giorgos.wav 18_20_fil.wav,2245,235
18_10_giorgos.wav 18_20_giorgos.wav,2396,245
18_10_giorgos.wav 18_20_nikos.wav,3618,268
18_10_giorgos.wav 18_20_stavros.wav,2438,224
18_10_giorgos.wav 18_30_dp.wav,3578,268
18_10_giorgos.wav 18_30_fil.wav,2640,261
18_10_giorgos.wav 18_30_giorgos.wav,3208,319
18_10_giorgos.wav 18_30_nikos.wav,3446,355
18_10_giorgos.wav 18_30_stavros.wav,2658,303
18_10_giorgos.wav 18_40_dp.wav,3546,241
18_10_giorgos.wav 18_40_fil.wav,2434,276
18_10_giorgos.wav 18_40_giorgos.wav,2885,312
18_10_giorgos.wav 18_40_nikos.wav,3701,278
18_10_giorgos.wav 18_40_stavros.wav,2855,256
18_10_giorgos.wav 18_50_dp.wav,2145,254
18_10_giorgos.wav 18_50_fil.wav,2491,213
18_10_giorgos.wav 18_50_giorgos.wav,7000,374
18_10_giorgos.wav 18_50_nikos.wav,2487,222
18_10_giorgos.wav 18_50_stavros.wav,2708,206
18_10_giorgos.wav 18_58_stavros.wav,3207,220
18_10_stavros.wav 18_20_dp.wav,2456,213
18_10_stavros.wav 18_20_fil.wav,1405,204
18_10_stavros.wav 18_20_giorgos.wav,2931,265
18_10_stavros.wav 18_20_nikos.wav,1759,252
18_10_stavros.wav 18_20_stavros.wav,1985,191
18_10_stavros.wav 18_30_dp.wav,2285,243
18_10_stavros.wav 18_30_fil.wav,1850,245
18_10_stavros.wav 18_30_giorgos.wav,2466,279
18_10_stavros.wav 18_30_nikos.wav,2044,229
18_10_stavros.wav 18_30_stavros.wav,2323,232
18_10_stavros.wav 18_40_dp.wav,3206,210
18_10_stavros.wav 18_40_fil.wav,2154,222
18_10_stavros.wav 18_40_giorgos.wav,2423,207
18_10_stavros.wav 18_40_nikos.wav,2145,245
18_10_stavros.wav 18_40_stavros.wav,1972,207
18_10_stavros.wav 18_50_dp.wav,2655,221
18_10_stavros.wav 18_50_fil.wav,1879,214
18_10_stavros.wav 18_50_giorgos.wav,4978,277
18_10_stavros.wav 18_50_nikos.wav,2852,278
18_10_stavros.wav 18_50_stavros.wav,1920,273
18_10_stavros.wav 18_58_stavros.wav,1263,204
18_20_dp.wav 18_20_fil.wav,1632,703
18_20_dp.wav 18_20_giorgos.wav,2007,840
18_20_dp.wav 18_20_nikos.wav,3274,980
18_20_dp.wav 18_20_stavros.wav,1583,822
18_20_dp.wav 18_30_dp.wav,3049,287
18_20_dp.wav 18_30_fil.wav,2946,198
18_20_dp.wav 18_30_giorgos.wav,2440,237
18_20_dp.wav 18_30_nikos.wav,3156,293
18_20_dp.wav 18_30_stavros.wav,1972,241
18_20_dp.wav 18_40_dp.wav,2215,258
18_20_dp.wav 18_40_fil.wav,2593,256
18_20_dp.wav 18_40_giorgos.wav,2831,258
18_20_dp.wav 18_40_nikos.wav,3305,240
18_20_dp.wav 18_40_stavros.wav,2538,228
18_20_dp.wav 18_50_dp.wav,2138,271
18_20_dp.wav 18_50_fil.wav,2210,217
18_20_dp.wav 18_50_giorgos.wav,12154,376
18_20_dp.wav 18_50_nikos.wav,2314,217
18_20_dp.wav 18_50_stavros.wav,2353,240
18_20_dp.wav 18_58_stavros.wav,2164,266
18_20_fil.wav 18_20_giorgos.wav,2259,711
18_20_fil.wav 18_20_nikos.wav,3527,434
18_20_fil.wav 18_20_stavros.wav,1837,852
18_20_fil.wav 18_30_dp.wav,2792,231
18_20_fil.wav 18_30_fil.wav,2160,199
18_20_fil.wav 18_30_giorgos.wav,1923,239
18_20_fil.wav 18_30_nikos.wav,3376,230
18_20_fil.wav 18_30_stavros.wav,1967,225
18_20_fil.wav 18_40_dp.wav,2471,257
18_20_fil.wav 18_40_fil.wav,1177,236
18_20_fil.wav 18_40_giorgos.wav,2300,225
18_20_fil.wav 18_40_nikos.wav,2684,265
18_20_fil.wav 18_40_stavros.wav,1401,220
18_20_fil.wav 18_50_dp.wav,1935,237
18_20_fil.wav 18_50_fil.wav,1831,208
18_20_fil.wav 18_50_giorgos.wav,11035,295
18_20_fil.wav 18_50_nikos.wav,1911,221
18_20_fil.wav 18_50_stavros.wav,886,197
18_20_fil.wav 18_58_stavros.wav,1516,183
18_20_giorgos.wav 18_20_nikos.wav,4106,566
18_20_giorgos.wav 18_20_stavros.wav,2416,896
18_20_giorgos.wav 18_30_dp.wav,2217,262
18_20_giorgos.wav 18_30_fil.wav,3426,230
18_20_giorgos.wav 18_30_giorgos.wav,2505,304
18_20_giorgos.wav 18_30_nikos.wav,2672,247
18_20_giorgos.wav 18_30_stavros.wav,2811,243
18_20_giorgos.wav 18_40_dp.wav,2905,234
18_20_giorgos.wav 18_40_fil.wav,1916,276
18_20_giorgos.wav 18_40_giorgos.wav,1672,239
18_20_giorgos.wav 18_40_nikos.wav,3304,332
18_20_giorgos.wav 18_40_stavros.wav,2904,295
18_20_giorgos.wav 18_50_dp.wav,2588,279
18_20_giorgos.wav 18_50_fil.wav,2146,263
18_20_giorgos.wav 18_50_giorgos.wav,13993,318
18_20_giorgos.wav 18_50_nikos.wav,2765,244
18_20_giorgos.wav 18_50_stavros.wav,1678,223
18_20_giorgos.wav 18_58_stavros.wav,2097,282
18_20_nikos.wav 18_20_stavros.wav,1559,486
18_20_nikos.wav 18_30_dp.wav,3024,377
18_20_nikos.wav 18_30_fil.wav,3868,249
18_20_nikos.wav 18_30_giorgos.wav,2654,333
18_20_nikos.wav 18_30_nikos.wav,3133,336
18_20_nikos.wav 18_30_stavros.wav,2104,303
18_20_nikos.wav 18_40_dp.wav,3325,233
18_20_nikos.wav 18_40_fil.wav,2879,248
18_20_nikos.wav 18_40_giorgos.wav,3457,277
18_20_nikos.wav 18_40_nikos.wav,3280,265
18_20_nikos.wav 18_40_stavros.wav,2000,265
18_20_nikos.wav 18_50_dp.wav,2056,333
18_20_nikos.wav 18_50_fil.wav,3247,233
18_20_nikos.wav 18_50_giorgos.wav,3782,403
18_20_nikos.wav 18_50_nikos.wav,2358,293
18_20_nikos.wav 18_50_stavros.wav,2326,280
18_20_nikos.wav 18_58_stavros.wav,2865,214
18_20_stavros.wav 18_30_dp.wav,1784,273
18_20_stavros.wav 18_30_fil.wav,2219,202
18_20_stavros.wav 18_30_giorgos.wav,1936,231
18_20_stavros.wav 18_30_nikos.wav,2994,200
18_20_stavros.wav 18_30_stavros.wav,2372,220
18_20_stavros.wav 18_40_dp.wav,2620,260
18_20_stavros.wav 18_40_fil.wav,1323,262
18_20_stavros.wav 18_40_giorgos.wav,1871,182
18_20_stavros.wav 18_40_nikos.wav,1721,256
18_20_stavros.wav 18_40_stavros.wav,2018,230
18_20_stavros.wav 18_50_dp.wav,1870,213
18_20_stavros.wav 18_50_fil.wav,1119,202
18_20_stavros.wav 18_50_giorgos.wav,10675,296
18_20_stavros.wav 18_50_nikos.wav,1780,233
18_20_stavros.wav 18_50_stavros.wav,1128,185
18_20_stavros.wav 18_58_stavros.wav,1664,245
18_30_dp.wav 18_30_fil.wav,2360,603
18_30_dp.wav 18_30_giorgos.wav,2624,1081
18_30_dp.wav 18_30_nikos.wav,2859,770
18_30_dp.wav 18_30_stavros.wav,2073,773
18_30_dp.wav 18_40_dp.wav,3249,239
18_30_dp.wav 18_40_fil.wav,2008,238
18_30_dp.wav 18_40_giorgos.wav,3362,318
18_30_dp.wav 18_40_nikos.wav,2426,283
18_30_dp.wav 18_40_stavros.wav,2763,282
18_30_dp.wav 18_50_dp.wav,2056,277
18_30_dp.wav 18_50_fil.wav,2877,215
18_30_dp.wav 18_50_giorgos.wav,12301,381
18_30_dp.wav 18_50_nikos.wav,3487,269
18_30_dp.wav 18_50_stavros.wav,2740,250
18_30_dp.wav 18_58_stavros.wav,2440,266
18_30_fil.wav 18_30_giorgos.wav,2512,497
18_30_fil.wav 18_30_nikos.wav,2751,423
18_30_fil.wav 18_30_stavros.wav,1964,641
18_30_fil.wav 18_40_dp.wav,2583,273
18_30_fil.wav 18_40_fil.wav,2020,254
18_30_fil.wav 18_40_giorgos.wav,2663,297
18_30_fil.wav 18_40_nikos.wav,3228,287
18_30_fil.wav 18_40_stavros.wav,2158,237
18_30_fil.wav 18_50_dp.wav,2447,233
18_30_fil.wav 18_50_fil.wav,2169,271
18_30_fil.wav 18_50_giorgos.wav,12724,329
18_30_fil.wav 18_50_nikos.wav,3766,260
18_30_fil.wav 18_50_stavros.wav,2100,206
18_30_fil.wav 18_58_stavros.wav,2204,230
18_30_giorgos.wav 18_30_nikos.wav,3068,751
18_30_giorgos.wav 18_30_stavros.wav,2281,695
18_30_giorgos.wav 18_40_dp.wav,3106,251
18_30_giorgos.wav 18_40_fil.wav,3543,220
18_30_giorgos.wav 18_40_giorgos.wav,3624,251
18_30_giorgos.wav 18_40_nikos.wav,2828,279
18_30_giorgos.wav 18_40_stavros.wav,3335,264
18_30_giorgos.wav 18_50_dp.wav,2233,242
18_30_giorgos.wav 18_50_fil.wav,2695,233
18_30_giorgos.wav 18_50_giorgos.wav,9880,328
18_30_giorgos.wav 18_50_nikos.wav,3173,252
18_30_giorgos.wav 18_50_stavros.wav,2152,240
18_30_giorgos.wav 18_58_stavros.wav,2525,286
18_30_nikos.wav 18_30_stavros.wav,2251,423
18_30_nikos.wav 18_40_dp.wav,3348,361
18_30_nikos.wav 18_40_fil.wav,1642,237
18_30_nikos.wav 18_40_giorgos.wav,3840,223
18_30_nikos.wav 18_40_nikos.wav,3562,237
18_30_nikos.wav 18_40_stavros.wav,3730,255
18_30_nikos.wav 18_50_dp.wav,3564,269
18_30_nikos.wav 18_50_fil.wav,1957,215
18_30_nikos.wav 18_50_giorgos.wav,7044,370
18_30_nikos.wav 18_50_nikos.wav,2405,290
18_30_nikos.wav 18_50_stavros.wav,2918,222
18_30_nikos.wav 18_58_stavros.wav,2729,254
18_30_stavros.wav 18_40_dp.wav,1955,272
18_30_stavros.wav 18_40_fil.wav,2505,173
18_30_stavros.wav 18_40_giorgos.wav,3152,254
18_30_stavros.wav 18_40_nikos.wav,2623,243
18_30_stavros.wav 18_40_stavros.wav,2291,229
18_30_stavros.wav 18_50_dp.wav,2100,179
18_30_stavros.wav 18_50_fil.wav,2359,220
18_30_stavros.wav 18_50_giorgos.wav,6060,295
18_30_stavros.wav 18_50_nikos.wav,2289,213
18_30_stavros.wav 18_50_stavros.wav,1308,213
18_30_stavros.wav 18_58_stavros.wav,2342,246
18_40_dp.wav 18_40_fil.wav,1727,630
18_40_dp.wav 18_40_giorgos.wav,2179,826
18_40_dp.wav 18_40_nikos.wav,2933,930
18_40_dp.wav 18_40_stavros.wav,1582,733
18_40_dp.wav 18_50_dp.wav,1852,307
18_40_dp.wav 18_50_fil.wav,1524,215
18_40_dp.wav 18_50_giorgos.wav,8995,410
18_40_dp.wav 18_50_nikos.wav,1970,313
18_40_dp.wav 18_50_stavros.wav,1192,215
18_40_dp.wav 18_58_stavros.wav,2693,246
18_40_fil.wav 18_40_giorgos.wav,2342,546
18_40_fil.wav 18_40_nikos.wav,3095,498
18_40_fil.wav 18_40_stavros.wav,1745,758
18_40_fil.wav 18_50_dp.wav,2071,240
18_40_fil.wav 18_50_fil.wav,1676,219
18_40_fil.wav 18_50_giorgos.wav,9407,326
18_40_fil.wav 18_50_nikos.wav,2134,246
18_40_fil.wav 18_50_stavros.wav,1294,223
18_40_fil.wav 18_58_stavros.wav,2000,178
18_40_giorgos.wav 18_40_nikos.wav,3684,847
18_40_giorgos.wav 18_40_stavros.wav,2333,954
18_40_giorgos.wav 18_50_dp.wav,2541,428
18_40_giorgos.wav 18_50_fil.wav,1969,241
18_40_giorgos.wav 18_50_giorgos.wav,12368,374
18_40_giorgos.wav 18_50_nikos.wav,2753,276
18_40_giorgos.wav 18_50_stavros.wav,1821,262
18_40_giorgos.wav 18_58_stavros.wav,3869,222
18_40_nikos.wav 18_40_stavros.wav,2051,558
18_40_nikos.wav 18_50_dp.wav,2559,290
18_40_nikos.wav 18_50_fil.wav,2322,223
18_40_nikos.wav 18_50_giorgos.wav,13274,358
18_40_nikos.wav 18_50_nikos.wav,2469,252
18_40_nikos.wav 18_50_stavros.wav,1538,237
18_40_nikos.wav 18_58_stavros.wav,2852,266
18_40_stavros.wav 18_50_dp.wav,2569,308
18_40_stavros.wav 18_50_fil.wav,950,219
18_40_stavros.wav 18_50_giorgos.wav,12094,366
18_40_stavros.wav 18_50_nikos.wav,2783,252
18_40_stavros.wav 18_50_stavros.wav,1913,312
18_40_stavros.wav 18_58_stavros.wav,1582,225
18_50_dp.wav 18_50_fil.wav,1947,627
18_50_dp.wav 18_50_giorgos.wav,13875,1132
18_50_dp.wav 18_50_nikos.wav,2854,872
18_50_dp.wav 18_50_stavros.wav,1922,655
18_50_dp.wav 18_58_stavros.wav,2459,200
18_50_fil.wav 18_50_giorgos.wav,13841,651
18_50_fil.wav 18_50_nikos.wav,2821,601
18_50_fil.wav 18_50_stavros.wav,1888,739
18_50_fil.wav 18_58_stavros.wav,2150,182
18_50_giorgos.wav 18_50_nikos.wav,3075,782
18_50_giorgos.wav 18_50_stavros.wav,2142,626
18_50_giorgos.wav 18_58_stavros.wav,10379,1062
18_50_nikos.wav 18_50_stavros.wav,1912,605
18_50_nikos.wav 18_58_stavros.wav,3080,219
18_50_stavros.wav 18_58_stavros.wav,1669,186
